submarket_name,state,class,score,avg_rent_1br,rent_growth_yoy,rent_growth_3yr,occupancy_rate,absorption_rate,concession_rate,job_growth_yoy,federal_workforce_risk,cap_rate_market,price_per_unit,avg_noi_per_unit,score_rent_growth,score_occupancy,score_job_market,score_demographics,score_income_quality,score_transit,score_supply_risk
Tysons / McLean (VA),VA,A,85.6,2720,5.4,14.8,95.3,88,3.1,4.3,88,4.5,352000,15840,100.0,96.8,100.0,66.9,100.0,55.6,37.0
Navy Yard / Capitol Riverfront (DC),DC,A,80.4,2890,4.9,13.7,95.1,90,2.8,3.2,72,4.8,298000,14300,81.7,95.5,47.0,98.7,56.3,94.0,100.0
Silver Spring (MD),MD,A/B,57.9,2220,4.5,12.1,94.2,87,3.5,2.7,58,5.1,248000,12648,62.5,75.9,25.4,66.4,20.4,80.8,83.7
NoMa / H Street (DC),DC,A,57.4,2680,4.4,10.9,94.6,85,3.8,2.6,55,4.9,278000,13620,52.7,76.2,15.6,76.7,35.0,96.5,65.9
Arlington / Rosslyn-Ballston (VA),VA,A,54.7,2800,4.0,10.2,93.8,82,4.2,3.3,65,4.6,335000,15410,39.2,57.3,56.9,59.1,59.7,86.9,28.4
Alexandria / Old Town (VA),VA,A/B,37.5,2510,3.5,8.9,93.3,80,5.1,2.4,60,4.8,292000,14016,19.6,44.4,29.5,37.5,32.5,64.3,64.8
Bethesda / Chevy Chase (MD),MD,A,34.1,2750,3.6,8.6,92.9,78,4.8,2.2,52,4.4,368000,16192,20.0,33.0,23.6,16.3,62.6,66.3,59.5
Rockville (MD),MD,A/B,24.4,2160,3.3,8.5,92.9,77,5.5,2.1,51,5.2,240000,12480,12.5,30.6,18.0,15.5,21.8,39.0,64.1
Gaithersburg (MD),MD,A/B,4.7,2010,3.0,7.6,91.9,71,6.8,2.3,46,5.5,218000,11990,0.0,0.0,13.1,0.0,6.2,0.0,24.3
